{
  "id": "329502ea-7f9d-40fe-8f4a-4459e6a7fcd0",
  "run_id": "e25c934b-36de-491c-8c59-57f48be5926a",
  "specification": {
    "id": "e2a4a4f3-50cd-4feb-bd7c-a898f9828cd2",
    "revision": 1,
    "content_hash": "ef633a3c8ee0fa334452f1761ce8f5b41963fa98f27fd0be0045cf52106492e0"
  },
  "cohort_hash": "0b3d2090acf066a5a0bfc149e0ca7cc9c9e440c3c9bfa0335d84191a04fb70ea",
  "status": "completed",
  "metrics": {
    "counts": {
      "executions": 23,
      "status": {
        "completed": 22,
        "failed": 1
      },
      "duplicate_responses": 0
    },
    "response_length": {
      "n": 22,
      "unit": "characters",
      "mean": 1015.6363636363636,
      "std": 761.4470999028188,
      "missing": 1
    },
    "latency": {
      "n": 22,
      "unit": "milliseconds",
      "mean": 97861.83733936369,
      "std": 75003.94874390616,
      "missing": 1
    },
    "completion_tokens": {
      "n": 22,
      "unit": "tokens",
      "mean": 192.4090909090909,
      "std": 141.67718077982428,
      "missing": 1
    },
    "lexical": {
      "unique_terms": 1300,
      "top_terms": [
        [
          "and",
          148
        ],
        [
          "the",
          113
        ],
        [
          "to",
          93
        ],
        [
          "of",
          77
        ],
        [
          "a",
          75
        ],
        [
          "in",
          56
        ],
        [
          "or",
          47
        ],
        [
          "can",
          44
        ],
        [
          "that",
          34
        ],
        [
          "is",
          32
        ],
        [
          "as",
          32
        ],
        [
          "are",
          27
        ],
        [
          "you",
          27
        ],
        [
          "on",
          27
        ],
        [
          "be",
          26
        ],
        [
          "your",
          26
        ],
        [
          "for",
          25
        ],
        [
          "sleep",
          19
        ],
        [
          "it",
          17
        ],
        [
          "heat",
          16
        ]
      ]
    },
    "conditions": {
      "entropy_source_policy_counts": {
        "os_entropy|3a7eaeb0-8bec-4531-a5dd-e8f7fe2bccec": 12,
        "prng|3a7eaeb0-8bec-4531-a5dd-e8f7fe2bccec": 11
      },
      "by_prompt_and_condition": {
        "group=minimally_constrained_questions|condition=os-entropy|prompt=dc2b07d4-164f-463f-8b98-fe913813669c": {
          "n": 2,
          "missing_responses": 0,
          "response_length": {
            "n": 2,
            "unit": "characters",
            "mean": 1074.5,
            "std": 506.5,
            "missing": 21
          },
          "completion_tokens": {
            "n": 2,
            "unit": "tokens",
            "mean": 223,
            "std": 103.0,
            "missing": 21
          },
          "latency": {
            "n": 2,
            "unit": "milliseconds",
            "mean": 135497.57156550005,
            "std": 39638.122366499374,
            "missing": 21
          },
          "failures": 0,
          "duplicates": 0
        },
        "group=minimally_constrained_questions|condition=os-entropy|prompt=595fb83a-850f-4911-b0e8-de9ed587ee28": {
          "n": 1,
          "missing_responses": 0,
          "response_length": {
            "n": 1,
            "unit": "characters",
            "mean": 509,
            "std": 0,
            "missing": 22
          },
          "completion_tokens": {
            "n": 1,
            "unit": "tokens",
            "mean": 118,
            "std": 0,
            "missing": 22
          },
          "latency": {
            "n": 1,
            "unit": "milliseconds",
            "mean": 62209.10583799923,
            "std": 0,
            "missing": 22
          },
          "failures": 0,
          "duplicates": 0
        },
        "group=minimally_constrained_questions|condition=os-entropy|prompt=fd0963f5-0058-4628-a215-900fac46774f": {
          "n": 2,
          "missing_responses": 1,
          "response_length": {
            "n": 1,
            "unit": "characters",
            "mean": 2717,
            "std": 0,
            "missing": 22
          },
          "completion_tokens": {
            "n": 1,
            "unit": "tokens",
            "mean": 512,
            "std": 0,
            "missing": 22
          },
          "latency": {
            "n": 1,
            "unit": "milliseconds",
            "mean": 283801.97690000024,
            "std": 0,
            "missing": 22
          },
          "failures": 1,
          "duplicates": 0
        },
        "group=minimally_constrained_questions|condition=os-entropy|prompt=a4ced930-e6f2-42fb-8572-ca31ecb438b6": {
          "n": 1,
          "missing_responses": 0,
          "response_length": {
            "n": 1,
            "unit": "characters",
            "mean": 691,
            "std": 0,
            "missing": 22
          },
          "completion_tokens": {
            "n": 1,
            "unit": "tokens",
            "mean": 134,
            "std": 0,
            "missing": 22
          },
          "latency": {
            "n": 1,
            "unit": "milliseconds",
            "mean": 69962.08070299872,
            "std": 0,
            "missing": 22
          },
          "failures": 0,
          "duplicates": 0
        },
        "group=simple_constrained_controls|condition=control|prompt=2bd4de98-afe9-4e45-a8d3-d37f967a111e": {
          "n": 2,
          "missing_responses": 0,
          "response_length": {
            "n": 2,
            "unit": "characters",
            "mean": 1620.5,
            "std": 130.5,
            "missing": 21
          },
          "completion_tokens": {
            "n": 2,
            "unit": "tokens",
            "mean": 302.5,
            "std": 38.5,
            "missing": 21
          },
          "latency": {
            "n": 2,
            "unit": "milliseconds",
            "mean": 195082.55061899943,
            "std": 33145.496660999925,
            "missing": 21
          },
          "failures": 0,
          "duplicates": 0
        },
        "group=minimally_constrained_questions|condition=control|prompt=fd0963f5-0058-4628-a215-900fac46774f": {
          "n": 1,
          "missing_responses": 0,
          "response_length": {
            "n": 1,
            "unit": "characters",
            "mean": 1858,
            "std": 0,
            "missing": 22
          },
          "completion_tokens": {
            "n": 1,
            "unit": "tokens",
            "mean": 346,
            "std": 0,
            "missing": 22
          },
          "latency": {
            "n": 1,
            "unit": "milliseconds",
            "mean": 136973.7520200033,
            "std": 0,
            "missing": 22
          },
          "failures": 0,
          "duplicates": 0
        },
        "group=simple_constrained_controls|condition=control|prompt=7b6da38f-3c96-422b-9dd4-86701f13c57a": {
          "n": 1,
          "missing_responses": 0,
          "response_length": {
            "n": 1,
            "unit": "characters",
            "mean": 879,
            "std": 0,
            "missing": 22
          },
          "completion_tokens": {
            "n": 1,
            "unit": "tokens",
            "mean": 167,
            "std": 0,
            "missing": 22
          },
          "latency": {
            "n": 1,
            "unit": "milliseconds",
            "mean": 68232.22676200021,
            "std": 0,
            "missing": 22
          },
          "failures": 0,
          "duplicates": 0
        },
        "group=minimally_constrained_questions|condition=os-entropy|prompt=05057260-a04b-4966-a42e-0d12c40ef263": {
          "n": 1,
          "missing_responses": 0,
          "response_length": {
            "n": 1,
            "unit": "characters",
            "mean": 507,
            "std": 0,
            "missing": 22
          },